station,variable,index,mic,p_value_perm,pearson_r,NL_statistic,sig_p010,sig_p005,sig_p001
Edirne,Jan,AO,0.17044057136745044,0.024975024975024976,-0.3703437168248606,0.03328610277579791,True,True,False
Edirne,Jan,NAO,0.09438884619897016,0.3036963036963037,-0.27862868354911974,0.016754902902654648,False,False,False
Edirne,Jan,PNA,0.03597336132827785,0.8951048951048951,0.24859656152288748,-0.02582688907272493,False,False,False
Edirne,Jan,ENSO,0.09988208074498767,0.22277722277722278,0.08079854349574558,0.09335367611395377,False,False,False
Edirne,Feb,AO,0.17937433557608756,0.01098901098901099,-0.5142057212079113,-0.08503318814686062,True,True,False
Edirne,Feb,NAO,0.09988208074498779,0.2127872127872128,-0.39500481699047063,-0.05614672470068739,False,False,False
Edirne,Feb,PNA,0.10267718204853334,0.2047952047952048,0.07960495937037747,0.09634023249217388,False,False,False
Edirne,Feb,ENSO,0.04073416371774297,0.8711288711288712,0.055994131694581714,0.037598820933512814,False,False,False
Edirne,Mar,AO,0.11176613944827198,0.14785214785214784,-0.3208442390398094,0.008825113723237618,False,False,False
Edirne,Mar,NAO,0.11176613944827196,0.18181818181818182,-0.2681819361792913,0.03984458855539848,False,False,False
Edirne,Mar,PNA,0.0407341637177431,0.8061938061938062,-0.06055511738863847,0.03706724147579131,False,False,False
Edirne,Mar,ENSO,0.02929257688189214,0.945054945054945,-0.15214279690493954,0.006145146231834462,False,False,False
Edirne,Apr,AO,0.06536333275640832,0.5584415584415584,-0.07252612985737408,0.060103293244319636,False,False,False
Edirne,Apr,NAO,0.01936627036355419,0.985014985014985,-0.0669952786200979,0.014877903006169646,False,False,False
Edirne,Apr,PNA,0.0639555304686693,0.5954045954045954,0.00047853825445580943,0.06395530146980832,False,False,False
Edirne,Apr,ENSO,0.024393330528640893,0.98001998001998,0.05823635111285214,0.0210018579377015,False,False,False
Edirne,May,AO,0.05811145696704488,0.6713286713286714,0.04795586398266808,0.055811692076720716,False,False,False
Edirne,May,NAO,0.05537678574542087,0.7662337662337663,-0.08520278867614968,0.04811727054722825,False,False,False
Edirne,May,PNA,0.042456266981937024,0.8061938061938062,-0.07447242748794751,0.03691012452598942,False,False,False
Edirne,May,ENSO,0.08354124755588546,0.3836163836163836,0.038787452922014645,0.08203678105170796,False,False,False
Edirne,Jun,AO,0.030208277658400635,0.952047952047952,0.08407088506700396,0.023140363942451246,False,False,False
Edirne,Jun,NAO,0.06933029939200946,0.4885114885114885,0.06838980527874254,0.06465313392594514,False,False,False
Edirne,Jun,PNA,0.06287004001026748,0.6213786213786214,0.17582177875319985,0.031956742126328326,False,False,False
Edirne,Jun,ENSO,0.06536333275640832,0.5284715284715285,0.08301522360350194,0.058471805406468895,False,False,False
Edirne,Jul,AO,0.04073416371774309,0.8411588411588412,0.027860858276840123,0.03995793629382092,False,False,False
Edirne,Jul,NAO,0.0998820807449877,0.24375624375624375,0.10485980879754382,0.08888650124393024,False,False,False
Edirne,Jul,PNA,0.0950647655921996,0.25874125874125875,0.05657324454023195,0.09186423359439072,False,False,False
Edirne,Jul,ENSO,0.14565620913768362,0.05094905094905095,-0.1316472641494768,0.1283252069796415,True,False,False
Edirne,Aug,AO,0.04835469493892034,0.7592407592407593,-0.06506285921361801,0.044121519289869265,False,False,False
Edirne,Aug,NAO,0.03390194557478787,0.9210789210789211,0.04698340527140191,0.031694505203891075,False,False,False
Edirne,Aug,PNA,0.05707499690684506,0.7012987012987013,-0.13022855373254622,0.040115520699574386,False,False,False
Edirne,Aug,ENSO,0.11072967938807216,0.1918081918081918,0.10077286034187392,0.10057451000658933,False,False,False
Edirne,Sep,AO,0.04073416371774278,0.8541458541458542,-0.1656061660616835,0.013308761480092891,False,False,False
Edirne,Sep,NAO,0.0424562669819369,0.7842157842157842,-0.13751936572515105,0.02354469103248905,False,False,False
Edirne,Sep,PNA,0.08610051034940687,0.33166833166833165,0.1279253336771725,0.06973561935299094,False,False,False
Edirne,Sep,ENSO,0.12810697263737417,0.08791208791208792,-0.061070985629003725,0.12437730735167618,True,False,False
Edirne,Oct,AO,0.08328381303859807,0.37462537462537465,-0.1710451188274293,0.05402738036390867,False,False,False
Edirne,Oct,NAO,0.06616395430658371,0.5294705294705294,-0.048541113872363324,0.06380771457061397,False,False,False
Edirne,Oct,PNA,0.09438884619897005,0.2907092907092907,-0.06254380622804355,0.09047711850147899,False,False,False
Edirne,Oct,ENSO,0.08354124755588571,0.35364635364635366,0.1104627125096358,0.07133923670089926,False,False,False
Edirne,Nov,AO,0.0835412475558856,0.34865134865134867,-0.33002676309579526,-0.025376416803602572,False,False,False
Edirne,Nov,NAO,0.04073416371774298,0.8561438561438561,-0.20700483276838988,-0.00211683707172608,False,False,False
Edirne,Nov,PNA,0.09800846115546087,0.21678321678321677,0.06678957908610267,0.0935476132809621,False,False,False
Edirne,Nov,ENSO,0.06287004001026748,0.5854145854145855,-0.02535283040529491,0.062227274000707836,False,False,False
Edirne,Dec,AO,0.1444478058264762,0.06293706293706294,-0.2599070081579853,0.07689615293684117,True,False,False
Edirne,Dec,NAO,0.03406896539401062,0.9110889110889111,-0.005992944985236025,0.034033050004414554,False,False,False
Edirne,Dec,PNA,0.04395462974967254,0.7792207792207793,0.026747739439388896,0.0432391881845551,False,False,False
Edirne,Dec,ENSO,0.06933029939200959,0.4915084915084915,0.056206862818315786,0.06617108796413262,False,False,False
Edirne,Winter,AO,0.111766139448272,0.13086913086913088,-0.5112722174158645,-0.149633140853063,False,False,False
Edirne,Winter,NAO,0.15002679833911972,0.04395604395604396,-0.2682741784718671,0.07805576350436454,True,True,False
Edirne,Winter,PNA,0.08610051034940687,0.3386613386613387,0.14015803292888765,0.06645623615491171,False,False,False
Edirne,Winter,ENSO,0.04073416371774297,0.8721278721278721,0.1033223345405549,0.03005865890283263,False,False,False
Edirne,Spring,AO,0.1643843618692993,0.030969030969030968,-0.12086460518245935,0.14977610908338754,True,True,False
Edirne,Spring,NAO,0.06287004001026758,0.5894105894105894,-0.0742750494984215,0.05735325703227462,False,False,False
Edirne,Spring,PNA,0.035752836263634125,0.9040959040959041,-0.04148385794184838,0.03403192579389467,False,False,False
Edirne,Spring,ENSO,0.056166609291964695,0.7362637362637363,-0.03754503426439099,0.0547569796940504,False,False,False
Edirne,Summer,AO,0.07445229015614697,0.4435564435564436,0.003863601219631918,0.07443736274176263,False,False,False
Edirne,Summer,NAO,0.025493328929302027,0.972027972027972,0.1301808015424336,0.008546287839071541,False,False,False
Edirne,Summer,PNA,0.058111456967044894,0.6373626373626373,0.08569004505071168,0.0507686731462519,False,False,False
Edirne,Summer,ENSO,0.07445229015614709,0.4085914085914086,-0.02315805353477381,0.07391599471262764,False,False,False
Edirne,Autumn,AO,0.14804352868019718,0.059940059940059943,-0.18570042166408054,0.11355888207397988,True,False,False
Edirne,Autumn,NAO,0.05317116067322113,0.7272727272727273,-0.03503541911232478,0.05194368008084487,False,False,False
Edirne,Autumn,PNA,0.06623528190229955,0.5204795204795205,0.03854325147269297,0.0647496996682123,False,False,False
Edirne,Autumn,ENSO,0.04982312111748161,0.7562437562437563,0.049730356882435156,0.04735001272182725,False,False,False
Edirne,Annual,AO,0.15002679833911972,0.04595404595404595,-0.2935586278623666,0.0638501303466843,True,True,False
Edirne,Annual,NAO,0.17937433557608767,0.016983016983016984,-0.25486329400045954,0.114419036947323,True,True,False
Edirne,Annual,PNA,0.05811145696704488,0.6673326673326674,0.10704640286559591,0.04665252460058142,False,False,False
Edirne,Annual,ENSO,0.1245989586293199,0.11988011988011989,-0.07600877335688498,0.11882162500210158,False,False,False
Edirne,Wheat,AO,0.17949478364911464,0.014985014985014986,-0.3849081829254254,0.03134047436616191,True,True,False
Edirne,Wheat,NAO,0.17937433557608767,0.013986013986013986,-0.3536088524717175,0.05433511502972277,True,True,False
Edirne,Wheat,PNA,0.058111456967044735,0.6643356643356644,0.06378272692051795,0.05404322071362737,False,False,False
Edirne,Wheat,ENSO,0.06287004001026758,0.5724275724275725,0.05442115415422242,0.05990837799078994,False,False,False
Edirne,Sunflower,AO,0.04073416371774298,0.8571428571428571,-0.05669259323368091,0.037520113590183375,False,False,False
Edirne,Sunflower,NAO,0.1111721512555056,0.13986013986013987,-0.09035648490593232,0.10300785689094963,False,False,False
Edirne,Sunflower,PNA,0.07445229015614697,0.4275724275724276,0.10037589029338116,0.06437697080395809,False,False,False
Edirne,Sunflower,ENSO,0.04982312111748173,0.7302697302697303,-0.052939952755065356,0.04702048251977318,False,False,False
Kırklareli,Jan,AO,0.11176613944827196,0.15984015984015984,-0.4387161589055737,-0.08070572863658862,False,False,False
Kırklareli,Jan,NAO,0.08685511761660449,0.3226773226773227,-0.33414352470253256,-0.024796777484027505,False,False,False
Kırklareli,Jan,PNA,0.058111456967045005,0.6053946053946054,0.19148305360159837,0.021445697150452414,False,False,False
Kırklareli,Jan,ENSO,0.12810697263737417,0.10789210789210789,0.08263882134972339,0.12127779784330267,False,False,False
Kırklareli,Feb,AO,0.09720884422282458,0.2547452547452547,-0.4375278162980744,-0.09422174581173698,False,False,False
Kırklareli,Feb,NAO,0.09988208074498778,0.22877122877122877,-0.3279324832427333,-0.007657632820757765,False,False,False
Kırklareli,Feb,PNA,0.06287004001026748,0.5814185814185814,0.06634309545168246,0.05846863369615643,False,False,False
Kırklareli,Feb,ENSO,0.06536333275640832,0.5704295704295704,0.05508223553931954,0.062329280084399245,False,False,False
Kırklareli,Mar,AO,0.0943888461989701,0.25574425574425574,-0.38066514232365267,-0.05051710438131664,False,False,False
Kırklareli,Mar,NAO,0.16438436186929933,0.01998001998001998,-0.291892019219206,0.07918341098543402,True,True,False
Kırklareli,Mar,PNA,0.056166609291964695,0.7282717282717283,0.020869081601441058,0.055731090725077086,False,False,False
Kırklareli,Mar,ENSO,0.09130503043715796,0.28771228771228774,-0.07178790459679238,0.08615152719075979,False,False,False
Kırklareli,Apr,AO,0.040734163717743084,0.8291708291708292,-0.06661870964616345,0.036296111242823254,False,False,False
Kırklareli,Apr,NAO,0.049823121117481724,0.7632367632367633,-0.05851983934960478,0.04639854951997817,False,False,False
Kırklareli,Apr,PNA,0.09456774190356909,0.25874125874125875,-0.0828846900751339,0.08769787005471809,False,False,False
Kırklareli,Apr,ENSO,0.029292576881892275,0.948051948051948,0.04056828660115223,0.027646791004139047,False,False,False
Kırklareli,May,AO,0.06287004001026748,0.5964035964035964,-0.12542977551605372,0.047137411424259854,False,False,False
Kırklareli,May,NAO,0.06933029939200959,0.46553446553446554,-0.09286435834802267,0.06070651034061962,False,False,False
Kırklareli,May,PNA,0.07913940051287154,0.41058941058941056,0.11563210517175608,0.06576861676641947,False,False,False
Kırklareli,May,ENSO,0.07913940051287155,0.37162837162837165,0.09848040241770294,0.06944101085251884,False,False,False
Kırklareli,Jun,AO,0.03189739146854763,0.957042957042957,-4.562610489931363e-05,0.03189738938680618,False,False,False
Kırklareli,Jun,NAO,0.06287004001026758,0.6053946053946054,0.014358822652888409,0.06266386422229048,False,False,False
Kırklareli,Jun,PNA,0.09130503043715797,0.3066933066933067,0.08035188980218097,0.08484860424237614,False,False,False
Kırklareli,Jun,ENSO,0.05537678574542087,0.7282717282717283,-0.1081617065040503,0.04367783099155255,False,False,False
Kırklareli,Jul,AO,0.02549332892930198,0.967032967032967,-0.028921443421464778,0.024656879039720993,False,False,False
Kırklareli,Jul,NAO,0.04982312111748148,0.7572427572427572,0.1551469853587531,0.025752534051572334,False,False,False
Kırklareli,Jul,PNA,0.11072967938807214,0.17482517482517482,0.0834022820080816,0.10377373874391657,False,False,False
Kırklareli,Jul,ENSO,0.07445229015614707,0.4155844155844156,0.07443471099179177,0.06891176395571551,False,False,False
Kırklareli,Aug,AO,0.057074996906845046,0.6973026973026973,-0.13682577196714263,0.03835370503244053,False,False,False
Kırklareli,Aug,NAO,0.023592027717635394,0.993006993006993,0.09015508018467241,0.015464089234530682,False,False,False
Kırklareli,Aug,PNA,0.05537678574542087,0.7432567432567433,0.00022357248423706191,0.05537673576076516,False,False,False
Kırklareli,Aug,ENSO,0.07445229015614707,0.4205794205794206,0.1948968516331967,0.03646750737961479,False,False,False
Kırklareli,Sep,AO,0.0835412475558856,0.34465534465534464,-0.08691266334882453,0.0759874365054995,False,False,False
Kırklareli,Sep,NAO,0.0661639543065838,0.5204795204795205,-0.04996666601518839,0.06366728659391041,False,False,False
Kırklareli,Sep,PNA,0.12253171200217156,0.1038961038961039,0.26793413626398027,0.050743010626646406,False,False,False
Kırklareli,Sep,ENSO,0.08354124755588546,0.3946053946053946,-0.018667982808906546,0.08319275397373183,False,False,False
Kırklareli,Oct,AO,0.16438436186929928,0.03596403596403597,-0.22531649247431607,0.11361684008837075,True,True,False
Kırklareli,Oct,NAO,0.0661639543065838,0.5334665334665335,-0.08580898632920189,0.05880077217173864,False,False,False
Kırklareli,Oct,PNA,0.11072967938807225,0.16683316683316685,-0.1277431808343423,0.09441135913839677,False,False,False
Kırklareli,Oct,ENSO,0.05707499690684507,0.6933066933066933,-0.03679938741801856,0.05572080199250364,False,False,False
Kırklareli,Nov,AO,0.06933029939200946,0.4855144855144855,-0.23793139845002922,0.012718949023622896,False,False,False
Kırklareli,Nov,NAO,0.0835412475558856,0.3516483516483517,-0.32535751254691614,-0.02231626341483109,False,False,False
Kırklareli,Nov,PNA,0.058111456967044874,0.6853146853146853,0.003932062872172314,0.058095995848614156,False,False,False
Kırklareli,Nov,ENSO,0.10817041659455108,0.1888111888111888,-0.07642536432358986,0.10232958028255763,False,False,False
Kırklareli,Dec,AO,0.09079312334524914,0.3166833166833167,-0.2738119350073801,0.015820147592763387,False,False,False
Kırklareli,Dec,NAO,0.024393330528641018,0.965034965034965,0.03662601473043986,0.02305186557360662,False,False,False
Kırklareli,Dec,PNA,0.07046467579348169,0.44155844155844154,-0.10094477621769161,0.06027482794784185,False,False,False
Kırklareli,Dec,ENSO,0.0754887502163468,0.4015984015984016,-0.038993351907555464,0.07396826872336033,False,False,False
Kırklareli,Winter,AO,0.1456562091376834,0.05194805194805195,-0.47125177996523815,-0.07642203098272182,True,False,False
Kırklareli,Winter,NAO,0.14444780582647623,0.057942057942057944,-0.255702851922216,0.07906385734532152,True,False,False
Kırklareli,Winter,PNA,0.11117215125550549,0.16483516483516483,0.05074836088278395,0.10859675512321622,False,False,False
Kırklareli,Winter,ENSO,0.10419244148593251,0.20679320679320679,0.05024338754489765,0.10166804349394573,False,False,False
Kırklareli,Spring,AO,0.20400350461475295,0.007992007992007992,-0.23559746380450236,0.14849733966363915,True,True,True
Kırklareli,Spring,NAO,0.09079312334524914,0.30569430569430567,-0.07375840147052774,0.08535282155776158,False,False,False
Kırklareli,Spring,PNA,0.016128886781847374,0.996003996003996,0.07921655634045152,0.009853623983407445,False,False,False
Kırklareli,Spring,ENSO,0.07445229015614696,0.4675324675324675,0.03639994953994452,0.07312733382963646,False,False,False
Kırklareli,Summer,AO,0.09079312334524882,0.30569430569430567,-0.04477297302425902,0.08878850423181779,False,False,False
Kırklareli,Summer,NAO,0.08354124755588546,0.35764235764235763,0.1619020276103298,0.05732898101154947,False,False,False
Kırklareli,Summer,PNA,0.07445229015614697,0.44455544455544455,0.20229164702276387,0.03353037970096449,False,False,False
Kırklareli,Summer,ENSO,0.04073416371774297,0.8951048951048951,-0.00117725539475887,0.04073277778747848,False,False,False
Kırklareli,Autumn,AO,0.0661639543065838,0.5324675324675324,-0.26350835073097073,-0.003272696598372482,False,False,False
Kırklareli,Autumn,NAO,0.1643843618692993,0.027972027972027972,-0.13133857911417954,0.1471345395055677,True,True,False
Kırklareli,Autumn,PNA,0.0706625132939745,0.4595404595404595,0.0775866985945601,0.06464281749517138,False,False,False
Kırklareli,Autumn,ENSO,0.04073416371774298,0.8561438561438561,-0.05089867607028888,0.038143488492034784,False,False,False
Kırklareli,Annual,AO,0.11981863678781078,0.12287712287712288,-0.32380780417474825,0.014967142743338671,False,False,False
Kırklareli,Annual,NAO,0.19731460377752288,0.01098901098901099,-0.2948110376194642,0.11040105587525775,True,True,False
Kırklareli,Annual,PNA,0.09456774190356909,0.26673326673326675,0.13789427676872199,0.07555291033800018,False,False,False
Kırklareli,Annual,ENSO,0.07913940051287154,0.3836163836163836,-0.09404211215281427,0.07029548165470903,False,False,False
Kırklareli,Wheat,AO,0.15002679833911972,0.05194805194805195,-0.2793585079224704,0.07198562239045075,True,False,False
Kırklareli,Wheat,NAO,0.14804352868019724,0.04395604395604396,-0.2166418951758737,0.10110981793480299,True,True,False
Kırklareli,Wheat,PNA,0.11072967938807214,0.18281718281718282,-0.04529578976622316,0.10867797081752625,False,False,False
Kırklareli,Wheat,ENSO,0.06536333275640832,0.5764235764235764,-0.003974041760687446,0.06534753974849264,False,False,False
Kırklareli,Sunflower,AO,0.0639555304686693,0.5824175824175825,-0.11579702661409452,0.05054657909600398,False,False,False
Kırklareli,Sunflower,NAO,0.11196197480204934,0.14485514485514486,0.014337740496700736,0.1117564039994986,False,False,False
Kırklareli,Sunflower,PNA,0.12253171200217168,0.1038961038961039,0.26097472612657596,0.054423904325330355,False,False,False
Kırklareli,Sunflower,ENSO,0.16303350238698555,0.030969030969030968,0.09399913313653607,0.15419766535656532,True,True,False
Lüleburgaz,Jan,AO,0.2170246835320185,0.005994005994005994,-0.4236495935536276,0.03754570541386465,True,True,True
Lüleburgaz,Jan,NAO,0.11176613944827198,0.15584415584415584,-0.32549398532240165,0.0058198049672121555,False,False,False
Lüleburgaz,Jan,PNA,0.05537678574542087,0.7632367632367633,0.1064915300273407,0.04403633977785686,False,False,False
Lüleburgaz,Jan,ENSO,0.04073416371774309,0.8561438561438561,0.05457881736898811,0.03775531641234573,False,False,False
Lüleburgaz,Feb,AO,0.12810697263737406,0.1048951048951049,-0.4502195603956161,-0.07459067992544777,False,False,False
Lüleburgaz,Feb,NAO,0.07445229015614697,0.4355644355644356,-0.35664938914470906,-0.05274649662114715,False,False,False
Lüleburgaz,Feb,PNA,0.08354124755588546,0.3516483516483517,0.1644828111198283,0.05648665240200435,False,False,False
Lüleburgaz,Feb,ENSO,0.08902805037529679,0.3226773226773227,0.13272106237782177,0.07141316997659913,False,False,False
Lüleburgaz,Mar,AO,0.07445229015614697,0.4385614385614386,-0.3554751026984793,-0.05191025848234744,False,False,False
Lüleburgaz,Mar,NAO,0.049823121117481585,0.7552447552447552,-0.23388996043625335,-0.004881392475390572,False,False,False
Lüleburgaz,Mar,PNA,0.05811145696704488,0.6433566433566433,0.0510423959630496,0.055506130781396136,False,False,False
Lüleburgaz,Mar,ENSO,0.08354124755588546,0.3516483516483517,-0.13060287738760853,0.06648413597396276,False,False,False
Lüleburgaz,Apr,AO,0.03268166637820416,0.929070929070929,0.13749230037171617,0.013777533716697939,False,False,False
Lüleburgaz,Apr,NAO,0.040734163717742786,0.8861138861138861,-0.03826448438336253,0.03926999295261819,False,False,False
Lüleburgaz,Apr,PNA,0.0407341637177431,0.8261738261738262,-0.1325564123454036,0.023162961263858427,False,False,False
Lüleburgaz,Apr,ENSO,0.016104994679077746,0.998001998001998,0.009055165276183245,0.016022998660898752,False,False,False
Lüleburgaz,May,AO,0.0407341637177431,0.8461538461538461,-0.04188693132797466,0.03897964870166863,False,False,False
Lüleburgaz,May,NAO,0.09800846115546073,0.25074925074925075,-0.0831057651752375,0.09110189295009902,False,False,False
Lüleburgaz,May,PNA,0.11196197480204934,0.13786213786213786,0.14736339117233543,0.09024600574423859,False,False,False
Lüleburgaz,May,ENSO,0.14804352868019724,0.054945054945054944,-0.09161414144085157,0.13965037776825287,True,False,False
Lüleburgaz,Jun,AO,0.11196197480204931,0.13986013986013987,0.2537491951077649,0.04757332078421077,False,False,False
Lüleburgaz,Jun,NAO,0.05811145696704501,0.6293706293706294,0.17536283588408638,0.027359332757736,False,False,False
Lüleburgaz,Jun,PNA,0.09438884619897006,0.2857142857142857,0.042512954536374326,0.09258149489555823,False,False,False
Lüleburgaz,Jun,ENSO,0.09800846115546075,0.26673326673326675,-0.14346968735816862,0.0774249099648101,False,False,False
Lüleburgaz,Jul,AO,0.04073416371774309,0.8331668331668332,0.12027240178785309,0.026268713085924322,False,False,False
Lüleburgaz,Jul,NAO,0.11072967938807224,0.15784215784215785,0.21845705795009507,0.06300619321986103,False,False,False
Lüleburgaz,Jul,PNA,0.024393330528640893,0.985014985014985,-0.024150649477777848,0.0238100766584424,False,False,False
Lüleburgaz,Jul,ENSO,0.09456774190356909,0.25374625374625376,-0.049275528484149664,0.09213966419617685,False,False,False
Lüleburgaz,Aug,AO,0.11842223418379133,0.13286713286713286,0.0753057275661139,0.11275128157952956,False,False,False
Lüleburgaz,Aug,NAO,0.06933029939200946,0.4975024975024975,0.24209453169967676,0.010720537113123665,False,False,False
Lüleburgaz,Aug,PNA,0.1726726977188625,0.01998001998001998,-0.20537563659063277,0.13049354561385484,True,True,False
Lüleburgaz,Aug,ENSO,0.04073416371774297,0.8651348651348651,0.02980455089423907,0.03984585246373568,False,False,False
Lüleburgaz,Sep,AO,0.03406896539401063,0.903096903096903,-0.1071419266655136,0.022589572944412335,False,False,False
Lüleburgaz,Sep,NAO,0.03597336132827781,0.9000999000999002,0.05520617463206748,0.03292563961077148,False,False,False
Lüleburgaz,Sep,PNA,0.0835412475558856,0.36563436563436563,0.1068038385826808,0.07213418761989027,False,False,False
Lüleburgaz,Sep,ENSO,0.058111456967045005,0.6093906093906094,0.012339753115998182,0.05795918746008122,False,False,False
Lüleburgaz,Oct,AO,0.023592027717635435,0.989010989010989,-0.1967078400080157,-0.015101946602983665,False,False,False
Lüleburgaz,Oct,NAO,0.029292576881892133,0.9590409590409591,-0.10937455257792442,0.017329784130270982,False,False,False
Lüleburgaz,Oct,PNA,0.058111456967044894,0.6563436563436563,-0.08955296195933378,0.050091723971355015,False,False,False
Lüleburgaz,Oct,ENSO,0.05811145696704488,0.6603396603396603,0.0932746878360515,0.04941128957613203,False,False,False
Lüleburgaz,Nov,AO,0.13081840239970155,0.08591408591408592,-0.2821477493578534,0.05121104993199947,True,False,False
Lüleburgaz,Nov,NAO,0.11842223418379143,0.13786213786213786,-0.34946548092965835,-0.003703888177605974,False,False,False
Lüleburgaz,Nov,PNA,0.0661639543065838,0.5454545454545454,0.029758865045852335,0.06527836425776655,False,False,False
Lüleburgaz,Nov,ENSO,0.11842223418379133,0.13886113886113885,-0.031380609869987475,0.11743749150797897,False,False,False
Lüleburgaz,Dec,AO,0.06616395430658371,0.5134865134865135,-0.28856750779328105,-0.017107252247441612,False,False,False
Lüleburgaz,Dec,NAO,0.09456774190356909,0.2517482517482518,-0.12186094619927947,0.0797176516949854,False,False,False
Lüleburgaz,Dec,PNA,0.09800846115546075,0.23976023976023977,-0.17643768965858136,0.06687820282340287,False,False,False
Lüleburgaz,Dec,ENSO,0.07445229015614697,0.44455544455544455,-0.051395502065918544,0.07181079252353914,False,False,False
Lüleburgaz,Winter,AO,0.15394454498724694,0.04295704295704296,-0.48015009645765594,-0.07659957014104937,True,True,False
Lüleburgaz,Winter,NAO,0.17132183823654884,0.028971028971028972,-0.31763750096772536,0.0704282562155271,True,True,False
Lüleburgaz,Winter,PNA,0.17267269771886248,0.014985014985014986,0.004305518924726148,0.1726541602256513,True,True,False
Lüleburgaz,Winter,ENSO,0.056166609291964695,0.7222777222777222,0.06290854970953734,0.052209123665407364,False,False,False
Lüleburgaz,Spring,AO,0.10267718204853334,0.19880119880119881,-0.15085106435136056,0.07992113843259502,False,False,False
Lüleburgaz,Spring,NAO,0.052046626965936274,0.7192807192807192,-0.09743725393840803,0.04255260851087846,False,False,False
Lüleburgaz,Spring,PNA,0.0661639543065837,0.5284715284715285,0.026290701636646797,0.06547275331403651,False,False,False
Lüleburgaz,Spring,ENSO,0.04395462974967253,0.7862137862137862,-0.1387695855258657,0.02469763188265197,False,False,False
Lüleburgaz,Summer,AO,0.19810248830770325,0.012987012987012988,0.23932759052406516,0.14082479272164863,True,True,False
Lüleburgaz,Summer,NAO,0.16438436186929925,0.023976023976023976,0.29838266303470695,0.07535214826961578,True,True,False
Lüleburgaz,Summer,PNA,0.057074996906845046,0.7252747252747253,0.035872572395482825,0.05578815545657589,False,False,False
Lüleburgaz,Summer,ENSO,0.05370688664801604,0.7402597402597403,-0.09248412375877668,0.04515357350058732,False,False,False
Lüleburgaz,Autumn,AO,0.08328381303859805,0.3726273726273726,-0.20115873495787126,0.04281897638874696,False,False,False
Lüleburgaz,Autumn,NAO,0.06045584833139545,0.5754245754245755,-0.18229275960219699,0.027225198128011073,False,False,False
Lüleburgaz,Autumn,PNA,0.07445229015614696,0.46553446553446554,-0.051569794793145995,0.07179284642113977,False,False,False
Lüleburgaz,Autumn,ENSO,0.14444780582647612,0.056943056943056944,0.07461779817134331,0.1388799900225368,True,False,False
Lüleburgaz,Annual,AO,0.1353588484267375,0.0989010989010989,-0.3490836103376573,0.013499481420364168,True,False,False
Lüleburgaz,Annual,NAO,0.11981863678781086,0.12787212787212787,-0.28937349606096013,0.03608161656526836,False,False,False
Lüleburgaz,Annual,PNA,0.08354124755588571,0.35664335664335667,-0.04815190383147931,0.08122264171328968,False,False,False
Lüleburgaz,Annual,ENSO,0.11117215125550561,0.15184815184815184,-0.09214693508942443,0.10268109360913101,False,False,False
Lüleburgaz,Wheat,AO,0.15394454498724694,0.03896103896103896,-0.2759001117095947,0.0778236733458801,True,True,False
Lüleburgaz,Wheat,NAO,0.14444780582647615,0.06693306693306693,-0.3174637864500781,0.04366455011925535,True,False,False
Lüleburgaz,Wheat,PNA,0.04073416371774298,0.8511488511488512,-0.21071117100334447,-0.0036650338678576935,False,False,False
Lüleburgaz,Wheat,ENSO,0.056166609291964695,0.7292707292707292,-0.10265877278979232,0.04562778566125849,False,False,False
Lüleburgaz,Sunflower,AO,0.06933029939200946,0.4995004995004995,0.09311578199836233,0.060659750534842925,False,False,False
Lüleburgaz,Sunflower,NAO,0.11981863678781086,0.11188811188811189,0.14964600132695632,0.09742471107466345,False,False,False
Lüleburgaz,Sunflower,PNA,0.0407341637177431,0.8271728271728271,-0.019795668883697742,0.0403422952111901,False,False,False
Lüleburgaz,Sunflower,ENSO,0.03268166637820416,0.9240759240759241,-0.03926903951295955,0.031139608913933782,False,False,False
Uzunköprü,Jan,AO,0.1444478058264762,0.058941058941058944,-0.42785710351209455,-0.03861389519928299,True,False,False
Uzunköprü,Jan,NAO,0.12198427978177875,0.1038961038961039,-0.3575172240632436,-0.005834285720108773,False,False,False
Uzunköprü,Jan,PNA,0.0639555304686693,0.5794205794205795,0.2073158547861605,0.02097566682295291,False,False,False
Uzunköprü,Jan,ENSO,0.024393330528640893,0.991008991008991,0.0284191712873393,0.02358568123198176,False,False,False
Uzunköprü,Feb,AO,0.15394454498724694,0.03896103896103896,-0.448141864625778,-0.04688658584302219,True,True,False
Uzunköprü,Feb,NAO,0.11981863678781078,0.11688311688311688,-0.33751002414481235,0.005905620389578967,False,False,False
Uzunköprü,Feb,PNA,0.03406896539401063,0.9150849150849151,0.20526585377634454,-0.008065105332521028,False,False,False
Uzunköprü,Feb,ENSO,0.07445229015614707,0.43156843156843155,0.08602538355217937,0.0670519235408475,False,False,False
Uzunköprü,Mar,AO,0.05811145696704503,0.6193806193806194,-0.26976085314998344,-0.01465946092516189,False,False,False
Uzunköprü,Mar,NAO,0.09438884619897016,0.27472527472527475,-0.1426634458164808,0.0740359874267382,False,False,False
Uzunköprü,Mar,PNA,0.10817041659455093,0.19080919080919082,-0.02685687514045823,0.10744912485224077,False,False,False
Uzunköprü,Mar,ENSO,0.09988208074498779,0.21078921078921078,-0.08255910843647102,0.09306607435916281,False,False,False
Uzunköprü,Apr,AO,0.07445229015614696,0.44655344655344653,-0.035151779117248996,0.0732166425810391,False,False,False
Uzunköprü,Apr,NAO,0.035752836263634125,0.9020979020979021,-0.06842078258622263,0.031071432773922977,False,False,False
Uzunköprü,Apr,PNA,0.06616395430658381,0.5134865134865135,-0.038000828539308626,0.06471989133690988,False,False,False
Uzunköprü,Apr,ENSO,0.01936627036355419,0.994005994005994,-0.04538402048031453,0.017306561048596583,False,False,False
Uzunköprü,May,AO,0.07097908475946546,0.47052947052947053,-0.056132444139104086,0.06782823347443583,False,False,False
Uzunköprü,May,NAO,0.06616395430658381,0.5174825174825175,-0.18856415396935416,0.030607514144405504,False,False,False
Uzunköprü,May,PNA,0.17132183823654873,0.030969030969030968,-0.12677193913707915,0.15525071368397342,True,True,False
Uzunköprü,May,ENSO,0.06933029939200946,0.4945054945054945,0.04337307918649028,0.0674490753938919,False,False,False
Uzunköprü,Jun,AO,0.09620433180208203,0.25374625374625376,0.18255747708373615,0.06287709936290317,False,False,False
Uzunköprü,Jun,NAO,0.1198186367878109,0.12387612387612387,0.13982527397381755,0.10026752954595777,False,False,False
Uzunköprü,Jun,PNA,0.0998820807449877,0.2047952047952048,0.04737561101129919,0.09763763222629376,False,False,False
Uzunköprü,Jun,ENSO,0.049823121117481724,0.7662337662337663,-0.08871664873438667,0.041952477354821174,False,False,False
Uzunköprü,Jul,AO,0.04073416371774297,0.8791208791208791,0.11342139455719934,0.027869750974443087,False,False,False
Uzunköprü,Jul,NAO,0.11072967938807216,0.15984015984015984,0.25962734110525604,0.043323323138687184,False,False,False
Uzunköprü,Jul,PNA,0.04073416371774309,0.8441558441558441,0.12407173072864845,0.025340369351740843,False,False,False
Uzunköprü,Jul,ENSO,0.12581458369391144,0.12487512487512488,0.02751296224564935,0.1250576206023809,False,False,False
Uzunköprü,Aug,AO,0.0407341637177431,0.8451548451548452,0.0001455607828044804,0.040734142529801606,False,False,False
Uzunköprü,Aug,NAO,0.0661639543065838,0.5414585414585414,-0.08052565527649705,0.05967957314887456,False,False,False
Uzunköprü,Aug,PNA,0.09800846115546087,0.23176823176823177,-0.24973333436823728,0.03564172286078307,False,False,False
Uzunköprü,Aug,ENSO,0.02359202771763542,0.988011988011988,0.051205725226103165,0.020970001421704243,False,False,False
Uzunköprü,Sep,AO,0.06933029939200946,0.47052947052947053,-0.19746177444609594,0.030339147024608597,False,False,False
Uzunköprü,Sep,NAO,0.056166609291964695,0.7422577422577422,-0.14801323871025812,0.034258690458464844,False,False,False
Uzunköprü,Sep,PNA,0.13804618366557816,0.057942057942057944,0.12186139682478689,0.12319598362948998,True,False,False
Uzunköprü,Sep,ENSO,0.06395553046866931,0.5724275724275725,-0.13887822943715716,0.04466836785706964,False,False,False
Uzunköprü,Oct,AO,0.03268166637820416,0.9250749250749251,-0.1300387133854301,0.01577159939926612,False,False,False
Uzunköprü,Oct,NAO,0.035973361328277886,0.8811188811188811,0.04160637423969821,0.03424227095090406,False,False,False
Uzunköprü,Oct,PNA,0.11981863678781089,0.12687312687312688,-0.04333605477235055,0.11794062314457872,False,False,False
Uzunköprü,Oct,ENSO,0.057074996906845046,0.6913086913086913,0.06969788584920472,0.052217201614996274,False,False,False
Uzunköprü,Nov,AO,0.05811145696704503,0.6203796203796204,-0.28446529265291204,-0.022809045757061858,False,False,False
Uzunköprü,Nov,NAO,0.10817041659455111,0.14785214785214784,-0.2624382498328323,0.039296581619231,False,False,False
Uzunköprü,Nov,PNA,0.04245626698193702,0.7812187812187812,0.09118374293988908,0.03414179200540925,False,False,False
Uzunköprü,Nov,ENSO,0.10817041659455107,0.16983016983016982,-0.1236644589887117,0.0928775181775803,False,False,False
Uzunköprü,Dec,AO,0.11981863678781078,0.13786213786213786,-0.27057739209618004,0.04660651167424083,False,False,False
Uzunköprü,Dec,NAO,0.07445229015614707,0.4435564435564436,-0.10174472772874461,0.0641003005355507,False,False,False
Uzunköprü,Dec,PNA,0.06643251468281894,0.5104895104895105,-0.12244947817616497,0.05143863997720384,False,False,False
Uzunköprü,Dec,ENSO,0.04949199698387449,0.7532467532467533,-0.0426874390243521,0.047669779533416716,False,False,False
Uzunköprü,Winter,AO,0.09456774190356909,0.25674325674325676,-0.2724000821114225,0.020365937169259357,False,False,False
Uzunköprü,Winter,NAO,0.09800846115546073,0.23976023976023977,-0.17565693827535928,0.06715310119118735,False,False,False
Uzunköprü,Winter,PNA,0.04982312111748162,0.7122877122877123,0.04583410886692112,0.04772235558185684,False,False,False
Uzunköprü,Winter,ENSO,0.034068965394010615,0.9010989010989011,-0.047528817096999444,0.03180997693937059,False,False,False
Uzunköprü,Spring,AO,0.032445827868179705,0.958041958041958,-0.1132112302965508,0.019629045202921046,False,False,False
Uzunköprü,Spring,NAO,0.04740607700334391,0.7802197802197802,-0.11704608693729886,0.033706290536010194,False,False,False
Uzunköprü,Spring,PNA,0.03244582786817971,0.949050949050949,-0.03675421347400287,0.031094955660087138,False,False,False
Uzunköprü,Spring,ENSO,0.0661639543065837,0.5604395604395604,-0.04491678469898658,0.06414643675888859,False,False,False
Uzunköprü,Summer,AO,0.0661639543065837,0.5304695304695305,0.11743770109822499,0.05237234066734767,False,False,False
Uzunköprü,Summer,NAO,0.09800846115546087,0.21578421578421578,0.19441230752089086,0.06021231583986343,False,False,False
Uzunköprü,Summer,PNA,0.04982312111748161,0.7682317682317682,-0.002630736852844085,0.0498162003410927,False,False,False
Uzunköprü,Summer,ENSO,0.09438884619897016,0.25274725274725274,-0.026406396745820807,0.09369154840987247,False,False,False
Uzunköprü,Autumn,AO,0.11072967938807216,0.1838161838161838,-0.2708153738191358,0.037388712691273904,False,False,False
Uzunköprü,Autumn,NAO,0.09079312334524904,0.2957042957042957,-0.10087415036115262,0.08061752913416462,False,False,False
Uzunköprü,Autumn,PNA,0.15002679833911972,0.060939060939060936,0.01964118519843039,0.14964102218312067,True,False,False
Uzunköprü,Autumn,ENSO,0.0424562669819369,0.8111888111888111,-0.06828687288617193,0.037793169973364696,False,False,False
Uzunköprü,Annual,AO,0.12810697263737417,0.1018981018981019,-0.39893156543557007,-0.031039421263500344,False,False,False
Uzunköprü,Annual,NAO,0.1726726977188625,0.01998001998001998,-0.35998753485021234,0.04308167247132966,True,True,False
Uzunköprü,Annual,PNA,0.034068965394010615,0.906093906093906,0.023063742828476695,0.033537029160752505,False,False,False
Uzunköprü,Annual,ENSO,0.045401522897103766,0.7992007992007992,-0.1092179484688299,0.03347296262936378,False,False,False
Uzunköprü,Wheat,AO,0.10488550744078884,0.1878121878121878,-0.37631969557618206,-0.03673100583776151,False,False,False
Uzunköprü,Wheat,NAO,0.14194347047575878,0.06993006993006994,-0.34073893983980275,0.025840445352606073,True,False,False
Uzunköprü,Wheat,PNA,0.04073416371774297,0.8731268731268731,-0.0013591979987942434,0.04073231629854305,False,False,False
Uzunköprü,Wheat,ENSO,0.02929257688189214,0.9560439560439561,-0.06554145066477447,0.024996895126649075,False,False,False
Uzunköprü,Sunflower,AO,0.036853381727233216,0.8821178821178821,0.022279851617985933,0.036356989939113744,False,False,False
Uzunköprü,Sunflower,NAO,0.10817041659455094,0.18081918081918083,-0.02445003699691848,0.10757261228540026,False,False,False
Uzunköprü,Sunflower,PNA,0.04073416371774297,0.8931068931068931,0.02990535267182795,0.03983983359931657,False,False,False
Uzunköprü,Sunflower,ENSO,0.06616395430658381,0.5134865134865135,-0.018235844048110225,0.06583140829843681,False,False,False
İpsala,Jan,AO,0.14332336762081707,0.07492507492507493,-0.4097985278002623,-0.024611465766445295,True,False,False
İpsala,Jan,NAO,0.09079312334524914,0.3006993006993007,-0.26234490918309616,0.02196827197096217,False,False,False
İpsala,Jan,PNA,0.03406896539401062,0.916083916083916,0.18744846562149853,-0.001067961869843495,False,False,False
İpsala,Jan,ENSO,0.12810697263737406,0.1088911088911089,0.0912900741062635,0.11977309500704697,False,False,False
İpsala,Feb,AO,0.14444780582647615,0.059940059940059943,-0.4756339779584487,-0.08177987516210192,True,False,False
İpsala,Feb,NAO,0.1258145836939116,0.11288711288711288,-0.42747061109906254,-0.056916539659494364,False,False,False
İpsala,Feb,PNA,0.09456774190356909,0.27172827172827174,0.14910892618666227,0.0723342700350296,False,False,False
İpsala,Feb,ENSO,0.0661639543065837,0.5434565434565435,0.182028866742204,0.033029445979132634,False,False,False
İpsala,Mar,AO,0.04982312111748162,0.7702297702297702,-0.2883798214773528,-0.03333980031782825,False,False,False
İpsala,Mar,NAO,0.09438884619897006,0.3046953046953047,-0.045112605433322156,0.09235369902998745,False,False,False
İpsala,Mar,PNA,0.042456266981936906,0.7982017982017982,0.0031017846864358155,0.0424466459136959,False,False,False
İpsala,Mar,ENSO,0.0835412475558856,0.37362637362637363,-0.16330209311231514,0.05687367394102236,False,False,False
İpsala,Apr,AO,0.05811145696704488,0.6413586413586414,-0.01967394489142696,0.05772439285945397,False,False,False
İpsala,Apr,NAO,0.08170416594551051,0.3986013986013986,-0.18888895301651676,0.046025129373834635,False,False,False
İpsala,Apr,PNA,0.04245626698193702,0.7972027972027972,-0.06869487540880914,0.037737281074505205,False,False,False
İpsala,Apr,ENSO,0.03597336132827781,0.8941058941058941,0.07939411971469763,0.02966993508300607,False,False,False
İpsala,May,AO,0.06287004001026748,0.5914085914085914,0.00857805224027837,0.06279645703003053,False,False,False
İpsala,May,NAO,0.049823121117481745,0.7402597402597403,-0.21307348799354858,0.004422809831744853,False,False,False
İpsala,May,PNA,0.04395462974967253,0.7932067932067932,-0.11796791133263188,0.03003820164548883,False,False,False
İpsala,May,ENSO,0.035752836263634125,0.903096903096903,0.02865749550497762,0.03493158421501631,False,False,False
İpsala,Jun,AO,0.06933029939200946,0.4835164835164835,0.060404652751248754,0.06568157731801053,False,False,False
İpsala,Jun,NAO,0.04547418577423863,0.7792207792207793,0.0863180148643957,0.038023386084108594,False,False,False
İpsala,Jun,PNA,0.025493328929302086,0.971028971028971,-0.030593307338497473,0.024557378475394322,False,False,False
İpsala,Jun,ENSO,0.03575283626363412,0.9020979020979021,-0.06493590594671661,0.03153616438251329,False,False,False
İpsala,Jul,AO,0.09456774190356909,0.27372627372627373,0.07842130551772605,0.08841784074446456,False,False,False
İpsala,Jul,NAO,0.18595504303085678,0.015984015984015984,0.2590862293572062,0.11882936878832191,True,True,False
İpsala,Jul,PNA,0.055376785745420994,0.7372627372627373,0.06569265587721672,0.05106126070921858,False,False,False
İpsala,Jul,ENSO,0.17937433557608765,0.015984015984015984,-0.06769196148394549,0.1747921339265437,True,True,False
İpsala,Aug,AO,0.0407341637177431,0.8191808191808192,0.17381765263309304,0.010521587350864503,False,False,False
İpsala,Aug,NAO,0.024393330528640893,0.9790209790209791,0.038939854358522236,0.022877018271177968,False,False,False
İpsala,Aug,PNA,0.06259932224204699,0.5664335664335665,-0.11523832548231479,0.04931945058207907,False,False,False
İpsala,Aug,ENSO,0.0407341637177431,0.8321678321678322,-0.06312888024504722,0.036748908196749586,False,False,False
İpsala,Sep,AO,0.08354124755588571,0.37662337662337664,-0.1495557101795261,0.061174337108583304,False,False,False
İpsala,Sep,NAO,0.06933029939200946,0.4835164835164835,-0.04998290401120101,0.06683200869861652,False,False,False
İpsala,Sep,PNA,0.05811145696704488,0.6433566433566433,0.15014402239244254,0.03556822950686259,False,False,False
İpsala,Sep,ENSO,0.08551726533840216,0.34065934065934067,0.07325500585106265,0.08015096945616294,False,False,False
İpsala,Oct,AO,0.09438884619897006,0.3016983016983017,-0.08069415733768771,0.08787729917053055,False,False,False
İpsala,Oct,NAO,0.024393330528641018,0.967032967032967,0.08960534348627511,0.016364212947347672,False,False,False
İpsala,Oct,PNA,0.055376785745420994,0.6883116883116883,0.009851089039731325,0.05527974179015228,False,False,False
İpsala,Oct,ENSO,0.03244582786817981,0.938061938061938,0.06260630648847651,0.028526278256050752,False,False,False
İpsala,Nov,AO,0.05517571477946135,0.7392607392607392,-0.09667216487218923,0.045830207318385614,False,False,False
İpsala,Nov,NAO,0.058935970619989966,0.6203796203796204,-0.16274739778336902,0.03244925513473182,False,False,False
İpsala,Nov,PNA,0.06933029939200946,0.4875124875124875,0.11297020546037082,0.056568032070251066,False,False,False
İpsala,Nov,ENSO,0.06287004001026748,0.5684315684315684,0.02089471712694949,0.06243345080645225,False,False,False
İpsala,Dec,AO,0.05893597061998999,0.6083916083916084,-0.19723492989627958,0.020034353048799663,False,False,False
İpsala,Dec,NAO,0.06287004001026748,0.5904095904095904,-0.025734308213278368,0.06220778539105148,False,False,False
İpsala,Dec,PNA,0.06643251468281894,0.4995004995004995,-0.02177872869163186,0.06595820165939523,False,False,False
İpsala,Dec,ENSO,0.01936627036355419,0.985014985014985,0.12768927292299814,0.0030617199439502835,False,False,False
İpsala,Winter,AO,0.11981863678781082,0.13686313686313686,-0.45794767057975855,-0.08989743220161622,False,False,False
İpsala,Winter,NAO,0.2097746006037328,0.003996003996003996,-0.2715401220686966,0.13604056271065013,True,True,True
İpsala,Winter,PNA,0.14332336762081693,0.06593406593406594,0.17000754919855496,0.11442080083631785,True,False,False
İpsala,Winter,ENSO,0.057074996906845046,0.7212787212787213,0.21248788660917736,0.011923894951210427,False,False,False
İpsala,Spring,AO,0.058111456967044874,0.6613386613386614,-0.14350478504873143,0.03751783363516226,False,False,False
İpsala,Spring,NAO,0.06287004001026748,0.6013986013986014,-0.13876092503311374,0.04361544569422207,False,False,False
İpsala,Spring,PNA,0.057074996906845046,0.6913086913086913,0.03954174866635142,0.05551144701925214,False,False,False
İpsala,Spring,ENSO,0.0754887502163468,0.4045954045954046,-0.0077718071977722954,0.07542834922922745,False,False,False
İpsala,Summer,AO,0.04245626698193702,0.8011988011988012,0.17161976780460614,0.013002922280630092,False,False,False
İpsala,Summer,NAO,0.03575283626363424,0.8841158841158842,0.1719681870257259,0.0061797789147192035,False,False,False
İpsala,Summer,PNA,0.047406077003343906,0.7752247752247752,-0.12262599625650374,0.03236894204544384,False,False,False
İpsala,Summer,ENSO,0.029049405545331346,0.9760239760239761,-0.12938243887852513,0.012309590055176057,False,False,False
İpsala,Autumn,AO,0.11176613944827196,0.16583416583416583,-0.22613135302517717,0.06063075062727465,False,False,False
İpsala,Autumn,NAO,0.03406896539401063,0.903096903096903,-0.07520279257156667,0.028413505383448546,False,False,False
İpsala,Autumn,PNA,0.05317116067322115,0.7392607392607392,0.1584076403323783,0.02807818015754902,False,False,False
İpsala,Autumn,ENSO,0.09800846115546075,0.25674325674325676,0.10984710110687357,0.08594207553387705,False,False,False
İpsala,Annual,AO,0.25765818709598,0.004995004995004995,-0.4472290417158624,0.057644371341891376,True,True,True
İpsala,Annual,NAO,0.20400350461475295,0.005994005994005994,-0.3774589125571843,0.06152827394590085,True,True,True
İpsala,Annual,PNA,0.12253171200217156,0.11188811188811189,0.06011070695100407,0.11891841491202207,False,False,False
İpsala,Annual,ENSO,0.058935970619989966,0.6023976023976024,0.0684337973577051,0.05425278599919452,False,False,False
İpsala,Wheat,AO,0.12810697263737417,0.08891108891108891,-0.3990422943029873,-0.031127780005217792,True,False,False
İpsala,Wheat,NAO,0.14194347047575878,0.07092907092907093,-0.4112237206607305,-0.02716147795829571,True,False,False
İpsala,Wheat,PNA,0.04073416371774309,0.8281718281718282,0.08289566028156907,0.03386247322422578,False,False,False
İpsala,Wheat,ENSO,0.03268166637820416,0.9410589410589411,0.13564061192261798,0.014283290775461907,False,False,False
İpsala,Sunflower,AO,0.056166609291964695,0.7052947052947053,-0.056221359612907,0.05300576801524089,False,False,False
İpsala,Sunflower,NAO,0.08354124755588571,0.35564435564435565,-0.12666892919602007,0.06749622993221936,False,False,False
İpsala,Sunflower,PNA,0.11072967938807224,0.16283716283716285,0.055385278792563206,0.10766215028114229,False,False,False
İpsala,Sunflower,ENSO,0.06616395430658381,0.5074925074925075,-0.017675988366488662,0.06585151374185157,False,False,False
Çorlu,Jan,AO,0.18595504303085694,0.015984015984015984,-0.44786885777457586,-0.014631470733446311,True,True,False
Çorlu,Jan,NAO,0.1539445449872469,0.04195804195804196,-0.3682682602882604,0.018323033451505016,True,True,False
Çorlu,Jan,PNA,0.10488550744078876,0.2057942057942058,0.07939773557173437,0.0985815070268697,False,False,False
Çorlu,Jan,ENSO,0.05811145696704501,0.6423576423576424,0.14009334684964675,0.038485311135509584,False,False,False
Çorlu,Feb,AO,0.12810697263737408,0.0969030969030969,-0.468852233561295,-0.09171544427804104,True,False,False
Çorlu,Feb,NAO,0.06616395430658381,0.5134865134865135,-0.28961888967180693,-0.017715146948146465,False,False,False
Çorlu,Feb,PNA,0.10817041659455108,0.17782217782217782,0.25010360894249273,0.04561860138849175,False,False,False
Çorlu,Feb,ENSO,0.07445229015614695,0.45254745254745254,0.13429465365507273,0.056417236155811006,False,False,False
Çorlu,Mar,AO,0.15394454498724694,0.03796203796203796,-0.36204558245678403,0.022867541210774944,True,True,False
Çorlu,Mar,NAO,0.1198186367878109,0.1068931068931069,-0.29615242754524546,0.03211237644686904,False,False,False
Çorlu,Mar,PNA,0.09079312334524904,0.3086913086913087,0.0399585359146669,0.08919643875280532,False,False,False
Çorlu,Mar,ENSO,0.11072967938807214,0.17682317682317683,-0.15095112662897123,0.08794343675751644,False,False,False
Çorlu,Apr,AO,0.04245626698193702,0.7992007992007992,0.1751414633735999,0.011781734789290982,False,False,False
Çorlu,Apr,NAO,0.029292576881892133,0.949050949050949,0.042977598381233925,0.02744550291927349,False,False,False
Çorlu,Apr,PNA,0.10113775243891368,0.1968031968031968,-0.038607425913250844,0.09964721910326653,False,False,False
Çorlu,Apr,ENSO,0.04073416371774297,0.8651348651348651,0.026882790069448437,0.04001147931582494,False,False,False
Çorlu,May,AO,0.0407341637177431,0.8091908091908092,-0.00869938097764396,0.040658484488348905,False,False,False
Çorlu,May,NAO,0.05707499690684516,0.6733266733266733,-0.020322326738490985,0.05666199994277917,False,False,False
Çorlu,May,PNA,0.0835412475558856,0.3866133866133866,0.08216810694292395,0.07678964975730182,False,False,False
Çorlu,May,ENSO,0.06395553046866931,0.5864135864135864,-0.13052405821502344,0.04691900069575048,False,False,False
Çorlu,Jun,AO,0.12810697263737417,0.08891108891108891,0.19269083966636066,0.09097721294604705,True,False,False
Çorlu,Jun,NAO,0.017997058589581512,0.996003996003996,0.1308993013250968,0.0008624315021830212,False,False,False
Çorlu,Jun,PNA,0.13999103134065835,0.07492507492507493,0.00401694313329631,0.1399748955085222,True,False,False
Çorlu,Jun,ENSO,0.09988208074498779,0.22277722277722278,-0.10692337031219343,0.08844947362606935,False,False,False
Çorlu,Jul,AO,0.06536333275640832,0.5704295704295704,0.0879977862835284,0.05761972236560678,False,False,False
Çorlu,Jul,NAO,0.06933029939200946,0.4985014985014985,0.3038547090245722,-0.02299738480439796,False,False,False
Çorlu,Jul,PNA,0.10488550744078876,0.2037962037962038,0.09002489093657128,0.0967810264526472,False,False,False
Çorlu,Jul,ENSO,0.09438884619897006,0.2897102897102897,0.09981205319630422,0.0844264002357082,False,False,False
Çorlu,Aug,AO,0.08334433257971,0.36563436563436563,-0.003891730447888951,0.08332918701383096,False,False,False
Çorlu,Aug,NAO,0.10267718204853334,0.1998001998001998,0.1544855536203688,0.07881139577114149,False,False,False
Çorlu,Aug,PNA,0.10817041659455076,0.17882117882117882,0.10698046374645982,0.09672559697114316,False,False,False
Çorlu,Aug,ENSO,0.09079312334524904,0.33466533466533466,0.15088397629090142,0.06802714904389574,False,False,False
Çorlu,Sep,AO,0.0835412475558856,0.3776223776223776,-0.2881062975755689,0.0005360088531833479,False,False,False
Çorlu,Sep,NAO,0.08328381303859807,0.34565434565434566,-0.08640735083936801,0.07581758275952044,False,False,False
Çorlu,Sep,PNA,0.04540152289710372,0.7662337662337663,0.22590417722440914,-0.005631174390333539,False,False,False
Çorlu,Sep,ENSO,0.15800644222189894,0.03796203796203796,-0.024833827005915365,0.1573897232581392,True,True,False
Çorlu,Oct,AO,0.051393298195541254,0.7422577422577422,-0.13596416662189606,0.03290704359035454,False,False,False
Çorlu,Oct,NAO,0.11117215125550549,0.15684315684315683,-0.046719160684452934,0.10898947128044575,False,False,False
Çorlu,Oct,PNA,0.05707499690684516,0.6983016983016983,-0.04342082909198541,0.05518962850780975,False,False,False
Çorlu,Oct,ENSO,0.04540152289710367,0.7892107892107892,0.05653072767670177,0.042205799725446254,False,False,False
Çorlu,Nov,AO,0.0653633327564083,0.5864135864135864,-0.25200904778226724,0.0018547725922832409,False,False,False
Çorlu,Nov,NAO,0.14444780582647615,0.04995004995004995,-0.2827905293719723,0.06447732232399582,True,True,False
Çorlu,Nov,PNA,0.06616395430658381,0.5374625374625375,0.034937641600848224,0.06494331550595449,False,False,False
Çorlu,Nov,ENSO,0.0639555304686693,0.5954045954045954,-0.04473106345089909,0.061954662431220935,False,False,False
Çorlu,Dec,AO,0.14444780582647615,0.06893106893106893,-0.34233726430161693,0.027253003296961023,True,False,False
Çorlu,Dec,NAO,0.05811145696704488,0.6363636363636364,-0.1831355146788816,0.024572840230346026,False,False,False
Çorlu,Dec,PNA,0.057074996906845046,0.7312687312687313,-0.11968255033038942,0.04275108405325885,False,False,False
Çorlu,Dec,ENSO,0.05707499690684515,0.6993006993006993,0.025412667746835635,0.05642919322483409,False,False,False
Çorlu,Winter,AO,0.19931089161891063,0.006993006993006993,-0.5563415458787523,-0.11020502405184918,True,True,True
Çorlu,Winter,NAO,0.28633634885943127,0.000999000999000999,-0.40881669833190404,0.11920525602443224,True,True,True
Çorlu,Winter,PNA,0.10817041659455097,0.16783216783216784,0.05094229399826232,0.10557529927674558,False,False,False
Çorlu,Winter,ENSO,0.07862938385061137,0.3826173826173826,0.1599577541864368,0.053042900726242834,False,False,False
Çorlu,Spring,AO,0.0661639543065838,0.5354645354645354,-0.052868046557209884,0.06336892395980849,False,False,False
Çorlu,Spring,NAO,0.040734163717742966,0.8601398601398601,-0.08654735056656235,0.03324371982765153,False,False,False
Çorlu,Spring,PNA,0.07913940051287154,0.41058941058941056,-0.03788621746615297,0.07770403503897891,False,False,False
Çorlu,Spring,ENSO,0.09800846115546075,0.25774225774225773,-0.18925180185118337,0.06219221665154117,False,False,False
Çorlu,Summer,AO,0.12810697263737417,0.1038961038961039,0.1520621148947192,0.10498408585111937,False,False,False
Çorlu,Summer,NAO,0.04073416371774309,0.8411588411588412,0.19217241635091392,0.0038039261115940803,False,False,False
Çorlu,Summer,PNA,0.09438884619897006,0.2857142857142857,0.15047971233879098,0.07174470237340477,False,False,False
Çorlu,Summer,ENSO,0.09079312334524904,0.3386613386613387,0.03804711651880456,0.08934554026985354,False,False,False
Çorlu,Autumn,AO,0.03712674916363006,0.8861138861138861,-0.23954610055194198,-0.020255585126011035,False,False,False
Çorlu,Autumn,NAO,0.07862938385061137,0.37462537462537465,-0.04912578761782403,0.07621604084153982,False,False,False
Çorlu,Autumn,PNA,0.07936468321527035,0.39760239760239763,0.14682292222633936,0.05780771272418865,False,False,False
Çorlu,Autumn,ENSO,0.05811145696704488,0.6633366633366633,0.0336048818028937,0.05698216888605843,False,False,False
Çorlu,Annual,AO,0.11196197480204934,0.14085914085914086,-0.38963004001358065,-0.039849593278935114,False,False,False
Çorlu,Annual,NAO,0.10488550744078884,0.19880119880119881,-0.30622877765536005,0.0111094431764929,False,False,False
Çorlu,Annual,PNA,0.0661639543065837,0.5454545454545454,0.0702498741469699,0.06122890948891859,False,False,False
Çorlu,Annual,ENSO,0.06395553046866931,0.5464535464535465,-0.0585794662533961,0.060523976602136535,False,False,False
Çorlu,Wheat,AO,0.07445229015614695,0.45554445554445555,-0.3583878464706382,-0.0539895583417148,False,False,False
Çorlu,Wheat,NAO,0.1336002071833917,0.08391608391608392,-0.36856664982634335,-0.0022411681808227057,True,False,False
Çorlu,Wheat,PNA,0.06395553046866931,0.5614385614385614,-0.10108927564223831,0.053736488818796876,False,False,False
Çorlu,Wheat,ENSO,0.11072967938807224,0.14185814185814186,-0.058028677034904025,0.10736235202965104,False,False,False
Çorlu,Sunflower,AO,0.05811145696704501,0.6403596403596403,0.13916403119881113,0.038744829387541334,False,False,False
Çorlu,Sunflower,NAO,0.0407341637177431,0.8421578421578422,0.05974375623996913,0.03716484730808225,False,False,False
Çorlu,Sunflower,PNA,0.10817041659455097,0.17882117882117882,0.16561155562536353,0.08074322923789809,False,False,False
Çorlu,Sunflower,ENSO,0.08328381303859807,0.36663336663336665,0.014352204080887871,0.08307782727661861,False,False,False
Tekirdağ,Jan,AO,0.20400350461475303,0.006993006993006993,-0.4192523663658547,0.028230957911384164,True,True,True
Tekirdağ,Jan,NAO,0.12810697263737417,0.0979020979020979,-0.329958561957399,0.019234320028379465,True,False,False
Tekirdağ,Jan,PNA,0.09438884619897016,0.25874125874125875,0.12891674072011264,0.07776932016107341,False,False,False
Tekirdağ,Jan,ENSO,0.05811145696704488,0.6693306693306693,0.1792006655794205,0.025998578422937582,False,False,False
Tekirdağ,Feb,AO,0.0943888461989701,0.25574425574425574,-0.4445622450986315,-0.10324674356816561,False,False,False
Tekirdağ,Feb,NAO,0.060455848331395536,0.6143856143856143,-0.31080115567454736,-0.03614151003723868,False,False,False
Tekirdağ,Feb,PNA,0.06287004001026748,0.5834165834165834,0.22351260193895214,0.012912156784747011,False,False,False
Tekirdağ,Feb,ENSO,0.056166609291964695,0.7002997002997003,0.09356026501704799,0.047413086101904436,False,False,False
Tekirdağ,Mar,AO,0.09438884619897006,0.2997002997002997,-0.32614949253005643,-0.011984645278643277,False,False,False
Tekirdağ,Mar,NAO,0.12810697263737406,0.11788211788211789,-0.21715936173319197,0.08094878424900673,False,False,False
Tekirdağ,Mar,PNA,0.07445229015614695,0.45454545454545453,0.06748055841725265,0.0698986643918427,False,False,False
Tekirdağ,Mar,ENSO,0.042456266981936906,0.8181818181818182,0.0006303390333661655,0.04245586965463992,False,False,False
Tekirdağ,Apr,AO,0.06616395430658381,0.5014985014985015,0.056508186152235795,0.06297077920436808,False,False,False
Tekirdağ,Apr,NAO,0.04982312111748161,0.7672327672327672,-0.06039915827379642,0.0461750627972985,False,False,False
Tekirdağ,Apr,PNA,0.07548875021634692,0.41858141858141856,-0.1303382320550428,0.05850069548111273,False,False,False
Tekirdağ,Apr,ENSO,0.07445229015614697,0.4275724275724276,0.011999634318239635,0.0743082989323755,False,False,False
Tekirdağ,May,AO,0.0835412475558856,0.34665334665334663,-0.053213515852067086,0.0807095692865474,False,False,False
Tekirdağ,May,NAO,0.0998820807449877,0.22277722277722278,-0.03563280543852888,0.09861238392156764,False,False,False
Tekirdağ,May,PNA,0.06287004001026758,0.5904095904095904,0.08565286434145707,0.05553362684037153,False,False,False
Tekirdağ,May,ENSO,0.03244582786817981,0.938061938061938,-0.07402376179682807,0.026966310557626265,False,False,False
Tekirdağ,Jun,AO,0.09456774190356909,0.2987012987012987,0.04933866294035932,0.0921334382428267,False,False,False
Tekirdağ,Jun,NAO,0.0661639543065838,0.5514485514485514,0.11932340240983132,0.05192587994392526,False,False,False
Tekirdağ,Jun,PNA,0.09079312334524904,0.2787212787212787,0.06143541854368895,0.0870188126936108,False,False,False
Tekirdağ,Jun,ENSO,0.03575283626363412,0.906093906093906,0.03910382091667281,0.0342237274533509,False,False,False
Tekirdağ,Jul,AO,0.055376785745420994,0.7282717282717283,0.12803973153268525,0.03898261289445888,False,False,False
Tekirdağ,Jul,NAO,0.14332336762081693,0.06993006993006994,0.26980677775702955,0.0705276702971858,True,False,False
Tekirdağ,Jul,PNA,0.09620433180208203,0.2897102897102897,0.039847890118525985,0.09461647745518391,False,False,False
Tekirdağ,Jul,ENSO,0.11176613944827196,0.17582417582417584,0.006645233646450258,0.11172198031805605,False,False,False
Tekirdağ,Aug,AO,0.024393330528640893,0.9820179820179821,0.09140980024766641,0.01603757894732262,False,False,False
Tekirdağ,Aug,NAO,0.08328381303859807,0.37462537462537465,0.3144186885555418,-0.015575298674388713,False,False,False
Tekirdağ,Aug,PNA,0.04395462974967253,0.8011988011988012,-0.06653232277739692,0.0395280797755168,False,False,False
Tekirdağ,Aug,ENSO,0.024393330528641018,0.973026973026973,0.13087663886746856,0.0072646359273952354,False,False,False
Tekirdağ,Sep,AO,0.049823121117481564,0.7502497502497503,-0.10273641064620975,0.03926835104501492,False,False,False
Tekirdağ,Sep,NAO,0.09800846115546075,0.24875124875124874,-0.1889822975564809,0.062294152365734455,False,False,False
Tekirdağ,Sep,PNA,0.04073416371774297,0.8721278721278721,0.07392551227384402,0.03526918235279271,False,False,False
Tekirdağ,Sep,ENSO,0.08354124755588546,0.3806193806193806,-0.05951702806505422,0.07999897092618902,False,False,False
Tekirdağ,Oct,AO,0.04073416371774298,0.8631368631368631,-0.2076507030548668,-0.0023846507614374846,False,False,False
Tekirdağ,Oct,NAO,0.035752836263634125,0.8951048951048951,-0.01205792248109875,0.03560744276907394,False,False,False
Tekirdağ,Oct,PNA,0.09079312334524917,0.28771228771228774,0.08530643813178473,0.08351593495851715,False,False,False
Tekirdağ,Oct,ENSO,0.06616395430658381,0.5374625374625375,0.14136878753573492,0.04617882021726005,False,False,False
Tekirdağ,Nov,AO,0.0653633327564083,0.5754245754245755,-0.23851588816058422,0.00847350385137597,False,False,False
Tekirdağ,Nov,NAO,0.14444780582647615,0.056943056943056944,-0.2403051730146251,0.08670122964888725,True,False,False
Tekirdağ,Nov,PNA,0.0661639543065838,0.5424575424575424,0.08781069069163253,0.05845323690684224,False,False,False
Tekirdağ,Nov,ENSO,0.07913940051287154,0.38961038961038963,-0.032347479024907914,0.07809304111360468,False,False,False
Tekirdağ,Dec,AO,0.0835412475558856,0.3726273726273726,-0.284510316712601,0.0025951272399810654,False,False,False
Tekirdağ,Dec,NAO,0.11072967938807224,0.16983016983016982,-0.1610030391390211,0.08480770077607108,False,False,False
Tekirdağ,Dec,PNA,0.0661639543065838,0.5284715284715285,-0.024108414740881906,0.06558273864526543,False,False,False
Tekirdağ,Dec,ENSO,0.04073416371774309,0.8431568431568431,0.11799558110964649,0.02681120655633993,False,False,False
Tekirdağ,Winter,AO,0.2239400606575761,0.001998001998001998,-0.5270637290617497,-0.05385611383490141,True,True,True
Tekirdağ,Winter,NAO,0.18595504303085678,0.011988011988011988,-0.36745763785992247,0.05092992740926286,True,True,False
Tekirdağ,Winter,PNA,0.16438436186929933,0.022977022977022976,0.09297882740341455,0.15573929952398538,True,True,False
Tekirdağ,Winter,ENSO,0.09990315305528484,0.21878121878121878,0.21695289496349496,0.052834594422243565,False,False,False
Tekirdağ,Spring,AO,0.11981863678781089,0.11888111888111888,-0.12916105364816446,0.10313605900830687,False,False,False
Tekirdağ,Spring,NAO,0.0890280503752967,0.3386613386613387,-0.16094821669660406,0.06312372191747967,False,False,False
Tekirdağ,Spring,PNA,0.0407341637177431,0.7992007992007992,-0.10091199482807689,0.03055093301756128,False,False,False
Tekirdağ,Spring,ENSO,0.06287004001026748,0.5924075924075924,-0.05439727048423079,0.05991097697413292,False,False,False
Tekirdağ,Summer,AO,0.05811145696704488,0.6603396603396603,0.09007651344172915,0.04999767869322687,False,False,False
Tekirdağ,Summer,NAO,0.09456774190356909,0.27472527472527475,0.30064778564857614,0.004178650888176913,False,False,False
Tekirdağ,Summer,PNA,0.11072967938807225,0.16483516483516483,0.003932868003967714,0.11071421193733562,False,False,False
Tekirdağ,Summer,ENSO,0.06616395430658381,0.5284715284715285,0.06789259502659703,0.061554549847138304,False,False,False
Tekirdağ,Autumn,AO,0.11981863678781078,0.12787212787212787,-0.2437349482136277,0.060411911807111,False,False,False
Tekirdağ,Autumn,NAO,0.11696463965422912,0.10989010989010989,-0.11244146580836625,0.10432155642109513,False,False,False
Tekirdağ,Autumn,PNA,0.06933029939200946,0.4975024975024975,0.2055296181467973,0.02708787545644116,False,False,False
Tekirdağ,Autumn,ENSO,0.08354124755588571,0.37362637362637363,0.07327194221546791,0.07817247003985885,False,False,False
Tekirdağ,Annual,AO,0.14804352868019727,0.04695304695304695,-0.37563168023279525,0.006944369485684332,True,True,False
Tekirdağ,Annual,NAO,0.11072967938807216,0.17382617382617382,-0.3005111086808654,0.020422752947469258,False,False,False
Tekirdağ,Annual,PNA,0.09438884619897006,0.2987012987012987,0.07093978884919142,0.0893563925570022,False,False,False
Tekirdağ,Annual,ENSO,0.040734163717742786,0.8751248751248751,0.08165952450817988,0.03406588577484075,False,False,False
Tekirdağ,Wheat,AO,0.11981863678781089,0.12387612387612387,-0.42907169989152,-0.06428388685998772,False,False,False
Tekirdağ,Wheat,NAO,0.14804352868019718,0.04295704295704296,-0.3702548829778257,0.010954850311273773,True,True,False
Tekirdağ,Wheat,PNA,0.024393330528640893,0.988011988011988,-0.06851201019780363,0.019699434987296944,False,False,False
Tekirdağ,Wheat,ENSO,0.048456211944122564,0.7602397602397603,0.0833964835243381,0.04150123847989737,False,False,False
Tekirdağ,Sunflower,AO,0.04073416371774309,0.8351648351648352,0.09305763055582954,0.032074441113077834,False,False,False
Tekirdağ,Sunflower,NAO,0.14444780582647623,0.059940059940059943,0.26040434949791325,0.07663738058904489,True,False,False
Tekirdağ,Sunflower,PNA,0.055376785745420994,0.7302697302697303,-0.09504061607262301,0.04634406704195727,False,False,False
Tekirdağ,Sunflower,ENSO,0.11117215125550549,0.18281718281718282,0.11716484353354102,0.09744455069526634,False,False,False
Sarıyer,Jan,AO,0.06933029939200946,0.46253746253746253,-0.31432143216884245,-0.02946766332866277,False,False,False
Sarıyer,Jan,NAO,0.08328381303859805,0.39760239760239763,-0.2772263931258115,0.006429339993051078,False,False,False
Sarıyer,Jan,PNA,0.04073416371774311,0.8191808191808192,0.04874239624748076,0.03835834252579669,False,False,False
Sarıyer,Jan,ENSO,0.049823121117481745,0.7552447552447552,0.12299192525975088,0.0346961074383816,False,False,False
Sarıyer,Feb,AO,0.03575283626363412,0.9040959040959041,-0.17030874427102033,0.006747767888462319,False,False,False
Sarıyer,Feb,NAO,0.12810697263737406,0.1048951048951049,-0.13450694887244058,0.11001485334240071,False,False,False
Sarıyer,Feb,PNA,0.06287004001026748,0.5974025974025974,0.10998200939682769,0.05077399761930359,False,False,False
Sarıyer,Feb,ENSO,0.058111456967044894,0.6023976023976024,-0.154548640141276,0.034226174797527265,False,False,False
Sarıyer,Mar,AO,0.24131735390687797,0.000999000999000999,-0.4084307086859761,0.0745017101091493,True,True,True
Sarıyer,Mar,NAO,0.15727688126740552,0.04095904095904096,-0.3419612070553711,0.04033941413663915,True,True,False
Sarıyer,Mar,PNA,0.06933029939200959,0.45354645354645357,0.013086175235399927,0.069159051409718,False,False,False
Sarıyer,Mar,ENSO,0.09079312334524907,0.3066933066933067,-0.031844559963305506,0.08977904734599251,False,False,False
Sarıyer,Apr,AO,0.07445229015614696,0.4485514485514486,0.10388266572614015,0.06366068191777799,False,False,False
Sarıyer,Apr,NAO,0.05811145696704488,0.6503496503496503,-0.05236728951792702,0.05536912395559049,False,False,False
Sarıyer,Apr,PNA,0.06045584833139555,0.6033966033966034,-0.08896923079230531,0.05254032430362106,False,False,False
Sarıyer,Apr,ENSO,0.1539445449872468,0.04295704295704296,0.07882695203938485,0.1477308566194273,True,True,False
Sarıyer,May,AO,0.04740607700334392,0.7772227772227772,-0.07271466387731257,0.042118654660553374,False,False,False
Sarıyer,May,NAO,0.12581458369391163,0.11488511488511488,-0.09951621916936233,0.11591110581614707,False,False,False
Sarıyer,May,PNA,0.09800846115546073,0.23776223776223776,-0.06608796265584356,0.09364084234746056,False,False,False
Sarıyer,May,ENSO,0.03406896539401062,0.9150849150849151,-0.04800380284518297,0.03176460030641143,False,False,False
Sarıyer,Jun,AO,0.09800846115546087,0.24475524475524477,0.2565906602915627,0.03216969420660075,False,False,False
Sarıyer,Jun,NAO,0.055376785745420994,0.7352647352647352,0.08143283302491473,0.04874547945095735,False,False,False
Sarıyer,Jun,PNA,0.09456774190356909,0.2627372627372627,0.004668765818564822,0.09454594452930049,False,False,False
Sarıyer,Jun,ENSO,0.07445229015614696,0.4405594405594406,-0.06941424955963589,0.06963395211421955,False,False,False
Sarıyer,Jul,AO,0.024393330528640893,0.988011988011988,-0.07880186062777081,0.018183597290242277,False,False,False
Sarıyer,Jul,NAO,0.057074996906845046,0.6853146853146853,0.028562434151970465,0.056259184262159395,False,False,False
Sarıyer,Jul,PNA,0.0754887502163468,0.37962037962037964,-0.017046255758339828,0.07519817538096805,False,False,False
Sarıyer,Jul,ENSO,0.058935970619989966,0.5814185814185814,0.17593782766794958,0.027981851415472842,False,False,False
Sarıyer,Aug,AO,0.06616395430658384,0.5014985014985015,-0.17986277077483573,0.03381333799578274,False,False,False
Sarıyer,Aug,NAO,0.09438884619897005,0.3096903096903097,0.05255797690621111,0.09162650526249623,False,False,False
Sarıyer,Aug,PNA,0.06933029939200946,0.4755244755244755,0.10183854503649528,0.05895921013685919,False,False,False
Sarıyer,Aug,ENSO,0.13535884842673748,0.08091908091908091,0.3521019444337354,0.011383069152720207,True,False,False
Sarıyer,Sep,AO,0.16303350238698547,0.029970029970029972,-0.09630819143828376,0.15375823464887237,True,True,False
Sarıyer,Sep,NAO,0.04395462974967253,0.7882117882117882,0.06783145325315779,0.0393535236992372,False,False,False
Sarıyer,Sep,PNA,0.09620433180208203,0.23676323676323677,0.25383964511848195,0.03176976636820518,False,False,False
Sarıyer,Sep,ENSO,0.07445229015614697,0.45354645354645357,-0.014654624635088778,0.07423753213295162,False,False,False
Sarıyer,Oct,AO,0.09079312334524914,0.2947052947052947,0.17004972324926668,0.06187621496809695,False,False,False
Sarıyer,Oct,NAO,0.042456266981937024,0.7782217782217782,0.08337746301262819,0.035504465643514845,False,False,False
Sarıyer,Oct,PNA,0.0407341637177431,0.8091908091908092,-0.1906882642132578,0.004372149609077884,False,False,False
Sarıyer,Oct,ENSO,0.04073416371774298,0.8641358641358642,0.013316989399539915,0.04055682151107552,False,False,False
Sarıyer,Nov,AO,0.06287004001026748,0.5904095904095904,-0.19259114929905843,0.02577868922193527,False,False,False
Sarıyer,Nov,NAO,0.0861005103494068,0.3156843156843157,-0.18529789257676454,0.05176520135601663,False,False,False
Sarıyer,Nov,PNA,0.08354124755588571,0.34065934065934067,0.07996537068274108,0.07714678704745752,False,False,False
Sarıyer,Nov,ENSO,0.04073416371774309,0.8521478521478522,0.06362765150907283,0.03668568568118307,False,False,False
Sarıyer,Dec,AO,0.04540152289710377,0.7702297702297702,-0.19890884065741474,0.00583679600542697,False,False,False
Sarıyer,Dec,NAO,0.024393330528641025,0.965034965034965,-0.16813982585909376,-0.0038776705112853506,False,False,False
Sarıyer,Dec,PNA,0.04540152289710371,0.7542457542457542,-0.09881290417121595,0.03563753286635381,False,False,False
Sarıyer,Dec,ENSO,0.06875947619293651,0.4745254745254745,0.04408447446500452,0.06681603530408088,False,False,False
Sarıyer,Winter,AO,0.12253171200217156,0.0939060939060939,-0.2831943635985393,0.04233266442818989,True,False,False
Sarıyer,Winter,NAO,0.1798880355290742,0.01898101898101898,-0.24884026972642448,0.11796655569155451,True,True,False
Sarıyer,Winter,PNA,0.07445229015614707,0.4305694305694306,0.00512814373508547,0.07442599229797937,False,False,False
Sarıyer,Winter,ENSO,0.08354124755588571,0.34765234765234765,0.05669899918438364,0.08032647104737498,False,False,False
Sarıyer,Spring,AO,0.03575283626363412,0.9090909090909091,-0.21790882972507833,-0.011731421808519063,False,False,False
Sarıyer,Spring,NAO,0.035973361328277914,0.9000999000999002,-0.07962248546483845,0.029633621136679503,False,False,False
Sarıyer,Spring,PNA,0.03268166637820416,0.929070929070929,-0.10440157159302584,0.021781978227110463,False,False,False
Sarıyer,Spring,ENSO,0.029049405545331346,0.965034965034965,0.02014491475024048,0.02864358795503689,False,False,False
Sarıyer,Summer,AO,0.11196197480204934,0.12787212787212787,-0.07811408991691048,0.10586016375850216,False,False,False
Sarıyer,Summer,NAO,0.09456774190356909,0.26673326673326675,0.07215645618067881,0.08936118773501486,False,False,False
Sarıyer,Summer,PNA,0.03244582786817981,0.954045954045954,0.01950946345792844,0.032065208703763566,False,False,False
Sarıyer,Summer,ENSO,0.0706625132939745,0.48451548451548454,0.24717412419893572,0.009567465620463594,False,False,False
Sarıyer,Autumn,AO,0.049823121117481724,0.7512487512487512,-0.06993911482919785,0.04493164133439,False,False,False
Sarıyer,Autumn,NAO,0.06616395430658381,0.4955044955044955,-0.12568657118512236,0.05036684013031098,False,False,False
Sarıyer,Autumn,PNA,0.06287004001026748,0.6163836163836164,-0.008172094240916377,0.06280325688598506,False,False,False
Sarıyer,Autumn,ENSO,0.04073416371774309,0.8291708291708292,0.0776115799414244,0.03471060637673898,False,False,False
Sarıyer,Annual,AO,0.26674714449571874,0.002997002997002997,-0.49064952289633584,0.026010190177316733,True,True,True
Sarıyer,Annual,NAO,0.2835412475558857,0.003996003996003996,-0.3996226891158739,0.12384295389968333,True,True,True
Sarıyer,Annual,PNA,0.035752836263634125,0.9040959040959041,0.08893079994053824,0.02784414908557009,False,False,False
Sarıyer,Annual,ENSO,0.05139329819554124,0.7252747252747253,0.04322089068706758,0.049525252803757795,False,False,False
Sarıyer,Wheat,AO,0.0998820807449878,0.2007992007992008,-0.38071060279143104,-0.04505848233282697,False,False,False
Sarıyer,Wheat,NAO,0.08895424887379622,0.33166833166833165,-0.32629860922659715,-0.01751653350941533,False,False,False
Sarıyer,Wheat,PNA,0.016128886781847374,0.993006993006993,0.08604161332799112,0.008725727557763834,False,False,False
Sarıyer,Wheat,ENSO,0.04073416371774309,0.8351648351648352,0.07788559786255193,0.03466799736333594,False,False,False
Sarıyer,Sunflower,AO,0.0661639543065838,0.5494505494505495,-0.11303493014783243,0.05338705887305844,False,False,False
Sarıyer,Sunflower,NAO,0.14804352868019716,0.054945054945054944,0.07196645306231018,0.14286435831382746,True,False,False
Sarıyer,Sunflower,PNA,0.0661639543065838,0.5454545454545454,-0.03250233009717576,0.06510755284483802,False,False,False
Sarıyer,Sunflower,ENSO,0.14804352868019718,0.05194805194805195,0.28080901083640186,0.06918982811327873,True,False,False
